"ID","Datum_od","Datum_do","Tip","Institucija","KLASA_URBROJ","Opis","Lokacija","Status","Dokazna_vrijednost","Veza_na_dosje"
"E-001","2014-09-15","","Okolišna dozvola","Ministarstvo","UP/I-351-03/12-02/96; URBROJ 517-06-2-2-1-14-46","Početno rješenje o objedinjenim uvjetima zaštite okoliša za postojeće postrojenje Holcim Koromačno.","MINGO; službena stranica Holcim Koromačno","DOKAZANO","","docs/Forenzika/HOLCIM_KOROMACNO_IED_BAT_USKLADENOST_2014-2026.md"
"E-002","2017-07-12","","Okolišna dozvola","Ministarstvo","UP/I-351-03/16-02/135","Pokrenut postupak izmjene rješenja iz 2014. po službenoj dužnosti. Dokument sadrži izmjene uvjeta postrojenja.","MINGO; PDF nacrta rješenja","DOKAZANO","","docs/Forenzika/HOLCIM_KOROMACNO_IED_BAT_USKLADENOST_2014-2026.md"
"E-003","2026-04-03","","Prostorni plan","Općina Raša","","Odluka vezana uz V. izmjene i dopune PPUO Raša i redefiniranje područja tvornice cementa i industrijske luke.","Općina Raša; službeni PDF","DOKAZANO","","docs/ZPPI-03/zahtjev-zppi-prostorni-plan-ubas-koromacno.md"
"E-004","2026-09-14","","Zakon","Vlada RH / Hrvatski sabor","P.Z.E. 345; Signatura XI-964/2026","Predložene izmjene Zakona o gospodarenju otpadom. Službena saborska procedura.","Hrvatski sabor; e-doc","DOKAZANO","","docs/Mediji/vladine-izmjene-zakona.md"
"E-005","2026-09-22","","Zakon","Hrvatski sabor","P.Z.E. 345","Pučka pravobraniteljica upozorila na brisanje Glave XIII i pitanje provedbenog zakona za Uredbu EU 2024/1157.","Hrvatski sabor; izvješće Odbora","DOKAZANO","","docs/Mediji/vladine-izmjene-zakona.md"
"E-006","2026-01-01","2026-09-25","Emisije","Lokacijski monitoring / javno navedeno","","Broj 148 zasad postoji kao javno navedena tvrdnja. Izvorne AMS vrijednosti još nisu pribavljene.","Traži se izvorni mjerni zapis","INDICIJA","","docs/Forenzika/2026-10-03_DOKAZNI_STATUS_TABLICA.md"
"E-007","2026-01-01","2026-09-25","Ulazi vozila","Holcim / nadležna tijela","","Traže se datum, vrijeme, masa, vrsta otpada, EWC, pošiljatelj, prijevoznik i vagarski list.","ZPPI zahtjev; paket 2","INDICIJA","","docs/ZPPI-12/ZPPI-12_CARINSKI_CVOR_9689054379.md"
"E-008","2026-08-28","","Upravni spis","Ministarstvo / Holcim","UP/I-351-03/25-08/46","Povlačenje postupka i obustava postupka treba dokazati izvornim aktima.","Traži se cjelokupni upravni spis","INDICIJA","","docs/Forenzika/MASTER_DOSJE_V2.md"
"E-009","2026-09-30","","Dopis","Radna skupina za kvalitetu zraka / Saborski odbor za okoliš","Čeka se urudžbeni zapisnik pisarnice","Službeno zaprimanje dokaza o slomu predkalcinatora, kontradikcijama QRA analize i 148 prekoračenja.","docs/Slanje_Dokaza_30-09-2026/","DOKAZANO","","docs/Slanje_Dokaza_30-09-2026/uruceno-dopis-i-mara-v2-radna-skupina-sabor.pdf"
"E-010","2026-09-30","","ZPPI","Općina Raša","U postupku zaprimanja","Zahtjev za dostavu sirovih AMS podataka o otrovnim plinovima i dokumentacije o obustavi od 2. rujna.","docs/Slanje_Dokaza_30-09-2026/","U PROCEDURI","","docs/Slanje_Dokaza_30-09-2026/uruceno-zppi-01-ams-kodeco.pdf"
"E-011","2026-09-30","","ZPPI","Grad Labin","U postupku zaprimanja","Zahtjev za pristup informacijama - ugovorni odnosi, tehnička dokumentacija i evidencija izmjena sustava transparentnosti proračuna za konta 3233 i 3237.","docs/Slanje_Dokaza_30-09-2026/","U PROCEDURI","","docs/Slanje_Dokaza_30-09-2026/uruceno_zahtjev_ppi_grad_labin_transparentnost_cityx.pdf"
"E-012","2026-10-01","","ZPPI","MZOZT - Uprava za procjenu utjecaja na okoliš","","Notifikacije, količine po pošiljci, KBO, države polazišta, inspekcijski nadzori, e-ONTO, ISGO. Rok 16.10.2026.","docs/ZPPI-04/","POSLANO","","docs/ZPPI-04/"
"E-013","2026-10-01","","ZPPI","MZOZT - Uprava za procjenu utjecaja na okoliš","","Okolišna dozvola, lokacijska dozvola, R1 prethodna odobrenja, inspekcijski zapisnici 2022-2026, RAW AMS 2026, bilanca SUO-ISGO-e-ONTO. Rok 16.10.2026.","docs/ZPPI-05/","POSLANO","","docs/ZPPI-05/"
"E-014","2026-10-03","","Sanacija","FZOEU","","Podjela na 4 faze: folija 20.000 m² (270.000 EUR), Faza 1: 4.500 t opasnog otpada (8,8 mil. EUR, CE-ZA-R/CIAK/Saubermacher), Faza 2: 650 t Holcim/Nexe (357.500 EUR), Faza 3: 32.915 t zakopanog otpada.","FZOEU; službena stranica","DOKAZANO","","docs/ZPPI-09/FZOEU (650 t big-bag).md"
"E-015","2026-10-03","","EU financiranje","Europska komisija / CINEA","101133120","Grant Agreement za KOdeCO Net Zero, 116.926.000 EUR. Vezanost sredstava uz valjanost SUO postupka u Hrvatskoj.","CINEA registar","DOKAZANO","","docs/Forenzika/LNG_KRK_BAVARSKA_ANALIZA.md"
"E-016","2026","","Kazneni postupak (US)","US District Court; Southern District of New York","","Postojanje kaznenog postupka zbog securities fraud i wire fraud. Nije dokaz veze s Koromačnom bez dodatnih dokaza.","https://www.justice.gov/usao-sdny/media/1461011/dl","DOKAZANO","Postojanje postupka; nije dokaz veze s Koromačnom","docs/Forenzika/MARA_v2_BajteBrothers.md"
"E-017","2026-10-07","","ZPPI","Grad Labin","","Zahtjev za pristup informacijama o nabavi, ugovorima, IT sustavima (CityX, Libusoft) i integritetu podataka proračunskog portala. Rok 22.10.2026.","docs/ZPPI-02/ZAHTJEV_ZA_PRISTUP_INFORMACIJAMA_GRAD_LABIN.pdf","POSLANO","","docs/ZPPI-02/"
"E-018","2026-10-07","","ZPPI","Državni inspektorat","","Zahtjev za pristup informacijama o inspekcijskim nadzorima lokacije u Pazinu, pošiljkama, analizama i komunikaciji. Rok 22.10.2026.","docs/Slanje_Dokaza_07-10-2026/","POSLANO","","docs/Slanje_Dokaza_07-10-2026/"
"E-019","2026-10-07","","ZPPI","MZOZT - Uprava za otpad","","Zahtjev za pristup informacijama o lokaciji u Pazinu, operatoru, dozvolama, analizama i komunikaciji. Rok 22.10.2026.","docs/Slanje_Dokaza_07-10-2026/","POSLANO","","docs/Slanje_Dokaza_07-10-2026/"
"E-020","2026-10-07","","Predstavka","Državni inspektorat","","Predstavka za inspekcijski nadzor lokacije u Pazinu, provjera dozvola, evidencija i zakonitosti postupanja.","docs/Slanje_Dokaza_07-10-2026/","POSLANO","","docs/Slanje_Dokaza_07-10-2026/"
"E-021","2026-10-08","","Prijava za inspekcijski nadzor","Državni inspektorat (DIRH)","","Prijava za inspekcijski nadzor Sekundar Usluge Pazin. Rok: 07.11.2026.","docs/Slanje_Dokaza_08-10-2026/","POSLANO","","docs/Slanje_Dokaza_08-10-2026/Prijava_DIRH_Sekundar_Usluge_Pazin.md"
"E-022","2026-10-08","","ZPPI","MZOZT","","Zahtjev za pristup informacijama o Sekundar Usluge Pazin. Rok: 23.10.2026.","docs/Slanje_Dokaza_08-10-2026/","POSLANO","","docs/Slanje_Dokaza_08-10-2026/ZPPI_MZOZT_Sekundar_Usluge_Pazin.md"
"E-023","2026-10-09","","Kaznena prijava","DORH / ODO Pula","","Kaznena prijava - čl. 193 KZ (Ugrožavanje okoliša). Poslano jutro 09.10.2026.","docs/Slanje_Dokaza_09_10_2026/","POSLANO","41ecdb026f9017fe252f45e05fbd330a802c96f4ab132e5b9bbfb288935c1b9f","docs/Slanje_Dokaza_09_10_2026/"
"E-024","2026-10-09","","Inspekcijska dopuna","Državni inspektorat (DIRH)","","Prijava za hitni izvanredni nadzor - Dopuna s dokazima. Rok: 07.11.2026.","docs/Slanje_Dokaza_09_10_2026/","POSLANO","9b5d8e6e918aa1460473161537eb9e4fd194336de70dcf11a6c9f829a0fb6831","docs/Slanje_Dokaza_09_10_2026/"
"E-025","2026-10-09","","Medijska dopuna","Provjereno; Index; Potraga; Telegram; Istra24","","Hitna dopuna dosjea za medije - Istraplastika / Miješanje otpada u Pazinu.","docs/Slanje_Dokaza_09_10_2026/","POSLANO","37e7608cc798b474372025a028e45c8be80dc19e861c3a39409e533923c8d1bc","docs/Slanje_Dokaza_09_10_2026/"
"E-026","2026-10-09","","OLAF prijava","OLAF (+ CC EPPO, EU Env, MZOZT, Sabor)","","Official Notification of Irregularities - EEA Grants. Zlouporaba EU sredstava; projekt ID 2023/363890; 1.068.624 EUR.","docs/Slanje_Dokaza_09_10_2026/","POSLANO","3d744d9c6ea364d7fbfbc8092f8f3f730a65aec5b4a3c23a75d70b181ad3701c","docs/Slanje_Dokaza_09_10_2026/"
"E-027","2026-10-09","","Prijava nacionalne sigurnosti","SOA","","Prijava ugroze nacionalne sigurnosti - Stroncij-90 / Proboj. Radiološko-kemijska prijetnja.","docs/Slanje_Dokaza_09_10_2026/","POSLANO","9eb1f2b9a37f885a81cbed8bb1bfff21381ee844d88e8dd8e91720f5e8b39f18","docs/Slanje_Dokaza_09_10_2026/"
"E-028","2026-10-08","","Izjava","Grad Pazin / Suzana Jašić","","Gradonačelnica Pazina javno izjavila ispred pogona Sekundar Usluge da joj je zabranjen ulazak i da postoji sumnja na miješanje otpada iz Gospića prije spaljivanja u Koromačnu.","HRT / mediji","DOKAZANO","","docs/Mediji/2026-10-09/dopuna-priopcenje.md"
"E-029","2026-05-06","","Dozvola","Istarska županija","KLASA UP/I-351-01/25-06/6; URBROJ 2163-08-02/4-25-10","Dozvola dopušta gospodarenje otpadom ISKLJUČIVO na lokaciji u Galižani. Pazin se u cijelom dokumentu (109 str.) ne spominje. KBO 20 03 01 kapacitet skladištenja samo 20 t.","Istarska županija; službeni dokument","DOKAZANO","","docs/Slanje_Dokaza_09_10_2026/"
"E-030","2023-04-27","","EU projekt","EEA and Norway Grants","2023/363890 / HR-INNOVATION-0044","Projekt ''Reduce, reuse and recycle - remanufacturing unavoidable waste''. Finalni grant 1.068.624 EUR za nabavu opreme (Eddy Current Separator; industrial material handler).","EEA Grants registar","DOKAZANO","","docs/Slanje_Dokaza_09_10_2026/"
