Dokument;Datum;Institucija;KLASA/URBROJ;Što dokazuje;Gdje se nalazi;Status
Holcim okolišna dozvola, Rješenje 15.09.2014.;15.09.2014.;Ministarstvo;UP/I-351-03/12-02/96, URBROJ 517-06-2-2-1-14-46;Po?etno rješenje o objedinjenim uvjetima zaštite okoliša za postoje?e postrojenje Holcim Koroma?no.;MINGO, službena stranica Holcim Koroma?no;DOKAZANO
Holcim, nacrt izmjene okolišne dozvole;12.07.2017.;Ministarstvo;UP/I-351-03/16-02/135;Pokrenut postupak izmjene rješenja iz 2014. po službenoj dužnosti. Dokument sadrži izmjene uvjeta postrojenja.;MINGO, PDF nacrta rješenja;DOKAZANO
V. izmjene PPUO Raša, strateška procjena;03.04.2026.;Op?ina Raša;;Odluka vezana uz V. izmjene i dopune PPUO Raša i redefiniranje podru?ja tvornice cementa i industrijske luke.;Op?ina Raša, službeni PDF;DOKAZANO
P.Z.E. 345, prijedlog izmjena Zakona o gospodarenju otpadom;14.09.2026.;Vlada RH / Hrvatski sabor;P.Z.E. 345, Signatura XI-964/2026;Predložene izmjene Zakona o gospodarenju otpadom. Službena saborska procedura.;Hrvatski sabor, e-doc;DOKAZANO
P.Z.E. 345, Odbor za zaštitu okoliša;22.09.2026.;Hrvatski sabor;P.Z.E. 345;Pu?ka pravobraniteljica upozorila na brisanje Glave XIII i pitanje provedbenog zakona za Uredbu EU 2024/1157.;Hrvatski sabor, izvješ?e Odbora;DOKAZANO
148 TOC prekora?enja;2026.;Lokacijski monitoring / javno navedeno;;Broj 148 zasad postoji kao javno navedena tvrdnja. Izvorne AMS vrijednosti još nisu pribavljene.;Traži se izvorni mjerni zapis;INDICIJA
Ulazi vozila, otpad i gorivo iz otpada;01.01.2026.-25.09.2026.;Holcim / nadležna tijela;;Traže se datum, vrijeme, masa, vrsta otpada, EWC, pošiljatelj, prijevoznik i vagarski list.;ZPPI zahtjev, paket 2;INDICIJA
KOdeCO upravni spis;28.08.2026.;Ministarstvo / Holcim;UP/I-351-03/25-08/46;Povla?enje postupka i obustava postupka treba dokazati izvornim aktima.;Traži se cjelokupni upravni spis;INDICIJA
Dokument: Dopis i Forenzi?ki Dosje V2;Datum: 30.09.2026.;Institucija: Radna skupina za kvalitetu zraka / Saborski odbor za okoliš;KLASA/URBROJ: ?eka se urudžbeni zapisnik pisarnice (rok 5 radnih dana);Što dokazuje: Službeno zaprimanje dokaza o slomu predkalcinatora, kontradikcijama QRA analize i 148 prekora?enja.;Gdje se nalazi: docs/Slanje_Dokaza_30-09-2026/;Status: DOKAZANO
Dokument: Zahtjev ZPPI-01;Datum: 30.09.2026.;Institucija: Op?ina Raša (Službenik za informiranje);KLASA/URBROJ: U postupku zaprimanja;Što dokazuje: Zahtjev za dostavu sirovih AMS podataka o otrovnim plinovima i dokumentacije o obustavi od 2. rujna.;Gdje se nalazi: docs/Slanje_Dokaza_30-09-2026/;Status: U PROCEDURI
